{
    "textures": {
        "texture": "block/pressure_plate_gold"
    },
    "elements": [
        {   "from": [ 1, 0, 1 ],
            "to": [ 15, 2, 15 ],
            "faces": {
                "down":  { "uv": [ 0,  0,  7,  7  ], "texture": "#texture" },
                "up":    { "uv": [ 0,  0,  7,  7  ], "texture": "#texture" },
                "north": { "uv": [ 0,  7,  7,  8  ], "texture": "#texture" },
                "south": { "uv": [ 0,  7,  7,  8  ], "texture": "#texture" },
                "west":  { "uv": [ 0,  7,  7,  8  ], "texture": "#texture" },
                "east":  { "uv": [ 0,  7,  7,  8  ], "texture": "#texture" }
            }
        },
        {   "from": [ 2, 2, 2 ],
            "to": [ 14, 14, 14 ],
            "faces": {
                "down":  { "uv": [ 10, 4,  16, 10 ], "texture": "#texture" },
                "up":    { "uv": [ 10, 4,  16, 10 ], "texture": "#texture" },
                "north": { "uv": [ 10, 10, 16, 16 ], "texture": "#texture" },
                "south": { "uv": [ 10, 10, 16, 16 ], "texture": "#texture" },
                "west":  { "uv": [ 4,  10, 10, 16 ], "texture": "#texture" },
                "east":  { "uv": [ 4,  10, 10, 16 ], "texture": "#texture" }
            }
        }
    ]
}